{
    "run_info":{
	"r3048": {
	    "run_number":3048,
	    "beam_energy":6.4,
	    "target":"LH2",
	    "current":15,	    
	    "cut_type":{
		"cut_nom":{
		    "cut_lvl":0,
		    "cut_ecdetectors":{
			"ec_sf_cut":{
			    "cut_name":"ECSFCut",
			    "ec_max_fit_values_sector_1": [-0.0000227443, 0.00021585, 0.003401, 0.281033],
			    "ec_min_fit_values_sector_1": [-0.00044476,  -0.0033433, -0.042742,0.051381],
			    "ec_max_fit_values_sector_2": [ -0.00098297,0.01054,-0.02541,0.32973],
			    "ec_min_fit_values_sector_2": [0.002422, -0.032483, 0.12361, 0.001471],
			    "ec_max_fit_values_sector_3": [-0.00098576,0.013365,-0.045060,0.35207],
			    "ec_min_fit_values_sector_3": [0.001505,-0.02720,0.118194,0.009738],
			    "ec_max_fit_values_sector_4": [-0.00035624, 0.006140, -0.02418,0.339398],
			    "ec_min_fit_values_sector_4": [0.001166,-0.02028,0.10928,-0.006886],
			    "ec_max_fit_values_sector_5": [0.001334,-0.008054,0.0175172,0.307856],
			    "ec_min_fit_values_sector_5": [0.000242525,-0.015441,0.093504,0.019457],
			    "ec_max_fit_values_sector_6": [0.000286206,-0.003115,0.017801,0.29787],
			    "ec_min_fit_values_sector_6": [-0.000164413,-0.008059,0.057283,0.060298]
			}
		    }
		}
	    }
	},

	"r3049": {
	    "run_number":3049,
	    "beam_energy":6.4,
	    "target":"LH2",
	    "current":15,
	    "cut_type":{
		"cut_nom":{
		    "cut_lvl":0,
		    "cut_ecdetectors":{
			"ec_sf_cut":{
			    "cut_name":"ECSFCut",
			    "ec_max_fit_values_sector_1": [0.00042866, -0.002397, 0.011050, 0.26797],
			    "ec_min_fit_values_sector_1": [-0.002816,0.021608,-0.043623,0.143014],
			    "ec_max_fit_values_sector_2": [-0.002879,0.03119,-0.091652,0.384107],
			    "ec_min_fit_values_sector_2": [0.0018919, -0.028538, 0.115625, 0.020331],
			    "ec_max_fit_values_sector_3": [0.00052159, -0.004597,0.017591,0.2880318],
			    "ec_min_fit_values_sector_3": [-0.0050028,0.0409137, -0.0933251, 0.2007609],
			    "ec_max_fit_values_sector_4": [-0.0015152, 0.0161868, -0.047930, 0.342436],
			    "ec_min_fit_values_sector_4": [0.00281990, -0.0390165,0.169189,-0.047653],
			    "ec_max_fit_values_sector_5": [-0.0021557, 0.025923, -0.0813479, 0.3864457],
			    "ec_min_fit_values_sector_5": [0.0036770, -0.049225, 0.19465, -0.07076],
			    "ec_max_fit_values_sector_6": [0.0014578, -0.01199, 0.0274104, 0.3094696],
			    "ec_min_fit_values_sector_6": [-0.003688, 0.0242443, -0.0225051, 0.114327]
			}
		    }
		}
	    }
	}





    }
}

